outcome,exposure,method,nsnp,b,se,pval
PPP,TNFRSF4,MR Egger,14,0.500544318,0.22755763,0.048168123
PPP,TNFRSF4,Simple median,14,0.426576139,0.109945342,0.000104503
PPP,TNFRSF4,Weighted median,14,0.442971373,0.100655395,1.07817380390237e-05
PPP,TNFRSF4,Inverse variance weighted (multiplicative random effects),14,0.40623538,0.100679237,5.4614639057751e-05
